1_rating,0_rating,result
1322,1261,0
1413,2108,0
1439,1392,0
1381,1867,0
1381,1936,0
1381,1607,0
1141,1094,0
1094,1141,0
1141,1094,0
1094,1300,0
1094,1676,0
1113,1423,0
1328,1038,0
1056,1156,0
1077,1148,0
1358,1036,0
1200,1002,0
1019,1500,0
976,1832,0
978,1500,0
1241,978,0
978,1500,0
978,1500,0
1500,978,0
1414,1442,0
1457,1294,0
1207,1579,0
1578,1605,0
1618,1568,0
1500,1554,0
1563,1335,0
1579,1470,0
1207,1588,0
1595,1547,0
1579,2105,0
1768,1560,0
1251,1545,0
1543,1593,0
1556,1539,0
1409,1548,0
1546,1877,0
1134,1535,0
1735,1806,0
1597,1728,0
1744,1735,0
1749,1631,0
1769,1396,0
1795,1760,0
1795,1784,0
1783,1721,0
1884,1768,0
1756,1756,0
2036,1706,0
1244,1219,0
1350,1201,0
1210,1280,0
1220,1341,0
1234,1359,0
1275,1236,0
1132,1276,0
1228,1266,0
1273,1409,0
1335,1233,0
1443,1204,0
1212,1221,0
1226,1478,0
1228,1626,0
1422,1210,0
1228,1343,0
1861,1844,0
1860,1840,0
1847,1856,0
1840,1837,0
1848,1806,0
1860,1820,0
1854,1849,0
1866,1965,0
1835,1866,0
1877,1860,0
1835,1865,0
1834,1835,0
1845,1917,0
1858,1790,0
1871,1847,0
1846,1869,0
1843,1836,0
1800,1826,0
1283,1267,0
1290,1270,0
1305,1293,0
1296,1305,0
968,1305,0
1293,1466,0
1289,2108,0
1431,1289,0
1289,1484,0
1289,1810,0
1806,1289,0
1211,1280,0
1281,1765,0
1288,1454,0
1560,1270,0
1274,1534,0
1614,1238,0
1222,1732,0
1384,1325,0
1384,1265,0
1384,1950,0
1261,1371,0
1380,1429,0
1474,1387,0
1389,1339,0
1389,1400,0
1395,1378,0
1245,1346,0
1555,1580,0
1649,1547,0
1426,1527,0
1557,1547,0
1607,1557,0
1713,1558,0
1355,1478,0
1865,1613,0
1776,1587,0
1605,1546,0
1538,1501,0
1511,1516,0
1464,1495,0
1490,1440,0
1611,1945,0
1584,1611,0
1942,1611,0
1217,1611,0
1486,1552,0
1571,1577,0
1580,1617,0
1550,1605,0
1630,1605,0
1475,1605,0
1475,1605,0
1605,1500,0
1513,1605,0
1496,1861,0
1620,1607,0
1621,1496,0
1633,1581,0
1623,1623,0
1631,1684,0
1636,1619,0
1613,1617,0
1627,1495,0
1414,1624,0
1629,1659,0
1677,1627,0
1647,1635,0
1602,1615,0
1634,1603,0
1611,1591,0
1589,1569,0
1660,1549,0
1841,1921,0
1629,1887,0
1860,1712,0
1780,2132,0
966,1124,0
884,951,0
945,1070,0
971,1149,0
974,1129,0
998,937,0
1016,1126,0
1047,1151,0
998,1016,0
1069,1071,0
1115,1223,0
1190,1213,0
1500,1500,0
1367,1866,0
1377,1667,0
1558,1358,0
1376,1469,0
1373,2148,0
1500,1395,0
1320,1400,0
1469,1357,0
959,1357,0
1563,1498,0
1921,1451,0
1728,1500,0
1570,1611,0
1560,1580,0
1727,1574,0
1579,1841,0
1877,1558,0
1590,1515,0
1675,1505,0
1547,1491,0
1507,1399,0
1482,1484,0
1486,1909,0
1488,2192,0
1500,1501,0
1509,1487,0
1495,1771,0
1546,1621,0
1354,1631,0
1639,1813,0
1646,1795,0
1657,1678,0
1683,1599,0
1769,1659,0
1668,1761,0
1688,1743,0
1676,1680,0
1142,1679,0
1154,1676,0
1102,1685,0
1493,1678,0
1709,1681,0
1692,1699,0
1703,1943,0
1694,1692,0
1572,1688,0
1392,1684,0
1707,1696,0
1733,1672,0
1746,1712,0
1295,1240,0
1302,1248,0
1314,1270,0
1321,1451,0
1450,1303,0
1300,1330,0
1209,1291,0
1299,1418,0
1318,1366,0
1345,1187,0
1352,1149,0
1331,1382,0
1270,1299,0
1007,1268,0
1178,1346,0
1273,1160,0
1167,1122,0
1250,1156,0
1164,1263,0
1173,1251,0
1089,1165,0
1178,1391,0
1030,1162,0
1176,1118,0
1034,1149,0
1042,1133,0
1070,1112,0
1114,1027,0
1133,1234,0
981,1127,0
1126,1054,0
1147,908,0
914,1141,0
1984,1948,0
1954,2158,0
1954,2008,0
2008,1954,0
1954,2008,0
1974,1899,0
1964,2287,0
2149,1933,0
1599,1929,0
1882,1919,0
1699,1914,0
1916,2285,0
1936,1638,0
1758,1929,0
2050,1627,0
1627,2050,0
2050,1627,0
1627,2050,0
1981,2050,0
2050,1981,0
1164,1901,0
1245,1228,0
1287,1099,0
1500,1834,0
1456,1604,0
1378,1318,0
1500,1487,0
1731,2127,0
1739,1840,0
1760,1718,0
1707,1712,0
1170,1662,0
1100,1590,0
1302,875,0
2306,2405,0
2422,2386,0
2373,2356,0
2325,2338,0
1879,2326,0
1622,2322,0
1933,2318,0
1983,2313,0
1866,2309,0
1835,2307,0
1909,2271,0
1293,2263,0
2191,2239,0
1380,2239,0
1796,2235,0
1879,2230,0
2336,2185,0
1976,2135,0
1830,2126,0
2001,2105,0
1918,2086,0
1774,2071,0
1778,2059,0
1783,2045,0
1788,2029,0
1701,2100,0
1931,2061,0
1394,1512,0
1479,1381,0
1372,1360,0
1209,1265,0
1221,1820,0
1528,1369,0
1263,1264,0
1906,1834,0
1841,2015,0
1467,1478,0
1500,1478,0
1453,1466,0
1466,1744,0
1479,1454,0
1454,1421,0
1387,1457,0
1417,1447,0
1455,1081,0
1318,1448,0
1448,1436,0
1308,1441,0
1708,1851,0
1960,2260,0
1969,2247,0
1325,1174,0
1325,1500,0
1353,1068,0
1131,1347,0
1197,1340,0
1163,1340,0
1362,976,0
1375,1334,0
1030,1352,0
2035,1352,0
1810,1495,0
1783,1797,0
1645,1806,0
1602,1791,0
1415,1788,0
1815,1889,0
1830,1809,0
1856,1903,0
2220,2464,0
1973,2462,0
2104,2456,0
2301,2449,0
2306,2438,0
2255,2425,0
2208,2421,0
2083,2415,0
2281,2400,0
2015,2397,0
1426,1371,0
1437,1476,0
1689,1670,0
1695,1923,0
1706,1698,0
1728,1723,0
1648,1719,0
1648,1710,0
1732,1768,0
1433,1737,0
1605,1698,0
1622,1681,0
1702,1681,0
1707,1699,0
1735,1733,0
1744,1801,0
1854,1730,0
1705,1719,0
1651,1684,0
1713,1709,0
1724,1734,0
1730,1882,0
1680,1789,0
1711,1760,0
1374,1613,0
1821,1842,0
1512,1821,0
1832,1821,0
1500,1821,0
1877,1821,0
1824,1830,0
1858,1730,0
1891,1845,0
1867,1883,0
1922,1851,0
1861,1899,0
1527,1861,0
1878,1698,0
1660,1873,0
1707,1873,0
1853,1853,0
1882,1840,0
1704,1824,0
1841,1688,0
1695,1834,0
1851,1679,0
1527,1882,0
1527,1882,0
1500,1901,0
1533,1897,0
1545,1890,0
1552,1887,0
1961,2215,0
1803,2215,0
1807,2205,0
1805,2195,0
2189,2167,0
2051,2147,0
1500,2098,0
2151,2029,0
2143,1916,0
1547,1891,0
1950,1926,0
1560,1713,0
1540,1540,0
1550,1531,0
1435,1543,0
1545,1554,0
1544,1523,0
1369,1553,0
1553,1542,0
1529,1534,0
1546,1517,0
2105,1929,0
857,1057,0
857,958,0
901,1339,0
922,1120,0
989,791,0
1026,1121,0
1057,1240,0
1057,1341,0
1155,1484,0
1222,1351,0
1500,1409,0
1950,1885,0
2036,1706,0
1795,2036,0
1675,2008,0
1458,1980,0
2102,1967,0
1647,1566,0
1668,1642,0
1500,1412,0
1887,1760,0
1297,1500,0
1297,1230,0
1625,1754,0
1719,1625,0
1625,1657,0
1862,1358,0
1807,1862,0
1862,1387,0
1474,1862,0
1862,1807,0
1862,1690,0
1884,1862,0
1396,1862,0
1862,2203,0
1862,1722,0
1862,1500,0
1862,1513,0
1500,1862,0
1862,1449,0
1862,1500,0
1862,1769,0
1701,1862,0
1862,1701,0
1699,1862,0
1862,1579,0
1862,1416,0
1862,2073,0
1972,1952,0
1553,1942,0
1236,1941,0
1670,1692,0
1705,1712,0
1712,2015,0
1712,1832,0
1712,1615,0
1712,1708,0
1860,1712,0
2108,1712,0
1712,1959,0
1712,1500,0
2180,1712,0
1328,1712,0
1896,1712,0
1500,1591,0
1577,1534,0
1592,1783,0
1602,1629,0
1516,1593,0
1475,1585,0
1585,1632,0
2035,1961,0
1975,1908,0
1463,1974,0
1997,1480,0
1950,1997,0
1807,2008,0
2013,2274,0
2179,1991,0
1749,1977,0
1781,1971,0
1890,2139,0
1689,1668,0
1651,1657,0
1500,1990,0
1786,1736,0
1654,1918,0
1690,1913,0
1818,1896,0
1813,1887,0
1775,1879,0
1748,1852,0
1365,1850,0
1861,1873,0
1821,1873,0
1895,1797,0
1560,1892,0
1901,1993,0
1729,1894,0
1613,1891,0
1905,1851,0
1784,1897,0
1750,1885,0
1712,1875,0
1895,1977,0
1672,1890,0
1727,1877,0
1891,1814,0
1725,1896,0
1522,1727,0
1744,1770,0
1750,1741,0
1713,1637,0
1804,1931,0
1850,1804,0
1701,1500,0
1005,1140,0
1142,1150,0
1500,1644,0
1687,1771,0
2313,2168,0
1855,2313,0
2344,2215,0
2063,2183,0
1968,1882,0
1785,1432,0
1859,1479,0
1299,1513,0
1501,1513,0
1513,1501,0
1126,1513,0
1286,1502,0
1433,1481,0
1510,1461,0
1534,1581,0
1602,1502,0
1267,1627,0
1453,1576,0
1552,1625,0
1810,1473,0
1930,1979,0
2000,1908,0
1776,1821,0
1707,1734,0
1230,1334,0
1250,1286,0
1277,1173,0
1136,1301,0
1175,1270,0
1173,1262,0
1282,1285,0
1235,1272,0
1284,1261,0
1239,1269,0
1268,1392,0
1259,1417,0
1263,1587,0
1342,1248,0
1257,1380,0
1265,1366,0
1016,1262,0
1199,1501,0
1567,1501,0
1501,1640,0
1501,1500,0
1501,1511,0
1500,1501,0
1501,1787,0
1501,1503,0
1694,1501,0
1501,1606,0
1501,1646,0
1501,1500,0
1501,1626,0
1501,1759,0
1500,1501,0
1501,1609,0
1501,1500,0
1104,910,0
1104,1207,0
1104,1500,0
1104,1419,0
1104,1300,0
1104,1248,0
1104,1226,0
1104,1290,0
1273,1104,0
1104,1500,0
1500,1104,0
1104,1430,0
1072,1231,0
1245,1264,0
1251,1177,0
1007,1208,0
1226,1198,0
1026,1215,0
1339,1243,0
1327,1327,0
1327,1490,0
1500,1327,0
1313,1500,0
1313,1500,0
1313,1500,0
1327,1420,0
1382,1337,0
1337,1382,0
1418,2003,0
2003,1418,0
1787,1749,0
1802,1691,0
1812,1949,0
1766,1819,0
1827,1933,0
1834,1994,0
1590,1829,0
1844,1731,0
1834,1848,0
1804,1837,0
1850,1811,0
1526,1830,0
1843,1818,0
1844,1713,0
1865,2076,0
1610,1856,0
1862,1556,0
1865,1850,0
1785,1840,0
1771,1831,0
1844,1793,0
1848,2098,0
1789,1838,0
1891,1805,0
1711,1766,0
1778,1757,0
1243,1200,0
1256,1298,0
1312,1237,0
1245,1237,0
1237,1326,0
1253,1262,0
1176,1658,0
1678,1017,0
1362,2089,0
1362,1657,0
1453,1466,0
1567,1698,0
1588,1401,0
1401,2252,0
1413,1401,0
1539,1397,0
1405,1402,0
1500,1426,0
1549,1426,0
1464,1413,0
1500,1413,0
1413,1500,0
1220,1407,0
1407,1459,0
1500,1407,0
1259,1184,0
1288,1138,0
1154,1191,0
1159,1474,0
1205,1257,0
1210,1183,0
1753,1451,0
1364,1356,0
1374,1385,0
1324,1365,0
1376,1370,0
1340,1366,0
1388,1238,0
1403,1321,0
1384,1393,0
1403,1387,0
1381,1393,0
1405,1362,0
1414,1594,0
1423,1610,0
1437,1635,0
1412,1427,0
1443,1415,0
1418,1404,0
1261,1397,0
1406,1458,0
1424,1356,0
1343,1406,0
1693,2287,0
1721,1754,0
1735,1649,0
1643,1722,0
1228,1732,0
1828,1694,0
1493,1315,0
1463,1493,0
1482,1744,0
1476,1474,0
1170,1500,0
1229,1160,0
1032,1140,0
1037,1669,0
1500,1311,0
1500,1473,0
1500,1758,0
1361,1370,0
1327,1343,0
1348,1322,0
1329,1466,0
1329,1282,0
1285,1598,0
1099,1279,0
1297,1313,0
1273,1286,0
1306,1298,0
1195,1298,0
1278,1474,0
1285,1383,0
1299,1647,0
1258,1481,0
2179,2115,0
1857,2176,0
1856,2171,0
2030,2164,0
2179,2090,0
1450,1390,0
1511,1490,0
1402,1465,0
1492,1560,0
1500,1238,0
1500,1238,0
1500,1626,0
1319,1214,0
1278,1308,0
1317,1401,0
1331,1347,0
1340,1433,0
1515,1319,0
1295,1308,0
951,955,0
972,985,0
972,1301,0
972,954,0
983,1090,0
1058,943,0
999,1092,0
1032,1274,0
1199,1002,0
1029,914,0
1048,1077,0
1099,1052,0
1062,1071,0
1099,1326,0
1141,1168,0
1676,1637,0
1655,1668,0
1666,1647,0
1645,1655,0
1591,1647,0
1683,1621,0
1693,1693,0
1143,1711,0
1686,1701,0
1711,1724,0
1720,1566,0
1728,1798,0
1755,1717,0
1610,1691,0
1576,1671,0
1661,1618,0
1748,1647,0
1540,1629,0
1500,1072,0
1088,1350,0
1297,1330,0
1420,1620,0
1500,1501,0
1383,1606,0
1498,1597,0
1355,1592,0
1593,2216,0
1532,1583,0
1553,1953,0
1577,1874,0
1276,1573,0
1585,1569,0
1408,1579,0
1585,1697,0
1528,1564,0
1390,1201,0
1408,1393,0
1345,1398,0
1410,1629,0
1500,1378,0
1232,1371,0
1384,1353,0
1412,1433,0
1416,1699,0
1564,1389,0
1102,1385,0
1243,1378,0
1045,1383,0
1383,1045,0
1383,1045,0
1383,1045,0
1500,1503,0
1446,1359,0
1369,1413,0
1468,1354,0
1331,1434,0
1018,1707,0
1018,1489,0
1018,1387,0
1500,1038,0
1038,1331,0
1063,1779,0
1072,1815,0
1150,1202,0
1377,1340,0
1351,1366,0
1363,1353,0
1287,1355,0
1331,1341,0
1343,1328,0
1343,1328,0
1210,1334,0
1690,1712,0
1763,1628,0
1711,1751,0
1865,1990,0
1880,1828,0
1835,1868,0
1884,1830,0
1839,1871,0
1844,1857,0
1832,1829,0
1844,1839,0
1837,1828,0
1805,1800,0
1815,1893,0
1843,1938,0
1859,1945,0
1895,1813,0
1812,1872,0
1916,1842,0
1854,1880,0
1795,1789,0
1890,1853,0
1800,1750,0
1438,1407,0
1500,1762,0
1508,2364,0
1319,1480,0
1486,2125,0
1734,1402,0
1853,1595,0
1798,1848,0
1850,2192,0
1862,1846,0
1788,1853,0
1551,1842,0
1852,1879,0
1819,1889,0
1935,1867,0
1879,1841,0
1850,1871,0
1324,1878,0
1889,1907,0
1708,1887,0
1331,1289,0
1254,1322,0
1270,1322,0
1327,1542,0
1328,1978,0
1322,1836,0
1328,1498,0
1358,1315,0
1319,1633,0
1330,1345,0
1343,1369,0
1140,1349,0
1350,1938,0
1368,1635,0
1370,1838,0
1464,1355,0
1329,1308,0
1317,1392,0
1321,1259,0
1336,1516,0
1039,1161,0
1055,1280,0
1086,1148,0
1091,1958,0
1091,1171,0
1091,1529,0
1091,1500,0
1185,1171,0
1193,1636,0
1236,1373,0
1264,1506,0
1246,1753,0
1279,1720,0
1423,1576,0
1500,1500,0
1500,1377,0
1377,1500,0
1500,2126,0
1500,2126,0
1500,2126,0
1537,1500,0
1500,1537,0
1026,1864,0
1026,1369,0
1026,1916,0
1043,1539,0
1382,1009,0
1547,971,0
971,1500,0
971,1629,0
981,1181,0
982,1700,0
982,1136,0
1371,1457,0
1348,1725,0
1460,1327,0
1359,1411,0
1365,1708,0
1366,2301,0
1254,1353,0
1369,1408,0
1405,2016,0
1412,1679,0
1479,1387,0
1392,1816,0
1760,1358,0
1360,1873,0
1383,1352,0
1536,1350,0
1356,1708,0
1376,1418,0
1333,1876,0
1349,1534,0
1370,1469,0
1406,1321,0
1410,1882,0
1370,1425,0
1555,1607,0
1437,1475,0
1346,1361,0
1393,1357,0
1368,1381,0
1375,1529,0
1135,1366,0
1347,1800,0
1349,1832,0
1354,1423,0
1540,1341,0
1331,1746,0
1334,1277,0
1340,1548,0
1348,1460,0
1345,1400,0
1359,1391,0
1216,1352,0
1374,1357,0
1369,1364,0
1373,1639,0
1385,1670,0
1392,1549,0
1403,1613,0
1408,1628,0
1419,1449,0
1432,1382,0
1476,1652,0
1492,1476,0
1479,1806,0
1507,1757,0
1547,1626,0
1589,1386,0
1635,1631,0
1533,1624,0
1633,1777,0
1649,1606,0
1646,1649,0
1500,1649,0
1673,1633,0
1649,1838,0
1629,1749,0
1851,1887,0
1874,1774,0
1891,1793,0
1745,1862,0
1637,1821,0
1587,1811,0
1861,1960,0
1796,1875,0
1884,2004,0
1232,1581,0
1515,1615,0
1615,1515,0
1277,1464,0
1500,1371,0
1372,1440,0
1485,1403,0
1401,1382,0
1392,1608,0
1116,1402,0
1116,1402,0
1402,1116,0
1431,1426,0
1455,1448,0
1419,1865,0
1433,1653,0
1807,1687,0
1630,1723,0
1881,1555,0
1412,1555,0
1295,2112,0
2366,2264,0
2030,2264,0
1778,2264,0
1778,2264,0
1778,2264,0
2016,2264,0
1305,2264,0
1841,2264,0
1841,2264,0
1855,2264,0
1753,2264,0
1753,2264,0
1455,2264,0
1455,2264,0
1455,2264,0
1871,2264,0
1615,2264,0
1871,2264,0
1885,2261,0
2188,2234,0
1349,1449,0
1316,1442,0
1892,2018,0
1830,2003,0
1985,1993,0
2064,1968,0
1720,1943,0
1950,1920,0
1802,1913,0
1901,1893,0
1927,1916,0
1957,2136,0
1810,1974,0
2066,1937,0
1948,1948,0
1726,1946,0
1702,1474,0
1474,2014,0
1500,1474,0
1363,1474,0
1495,1474,0
1767,1474,0
1487,1562,0
1254,1461,0
1514,1560,0
1503,1498,0
1629,1603,0
1873,2105,0
1886,2001,0
1128,2177,0
897,1111,0
1099,1115,0
1099,1115,0
1136,843,0
1113,1581,0
1091,1203,0
1139,1104,0
1623,1701,0
1716,1659,0
1695,1691,0
1696,1659,0
1674,1655,0
1708,1864,0
1760,1683,0
1839,1651,0
1664,1820,0
1657,1614,0
1655,1566,0
1582,1770,0
1648,1591,0
1480,1551,0
1577,1763,0
1614,1732,0
1871,1774,0
1201,1871,0
1573,1866,0
1771,1857,0
1630,1851,0
1585,1861,0
1594,1852,0
1873,1574,0
1887,1892,0
1825,1869,0
1426,1885,0
1900,1900,0
1923,1211,0
1683,1901,0
1730,1893,0
1651,1878,0
1217,1259,0
1271,1517,0
1500,1406,0
1132,1258,0
1303,1248,0
1257,1296,0
1283,1255,0
1295,1226,0
1448,1280,0
1284,1370,0
1311,1272,0
1305,1360,0
1193,1298,0
1315,1189,0
1227,1312,0
1325,1361,0
1340,1316,0
1283,1499,0
1316,1298,0
1236,1309,0
1291,1500,0
1291,1318,0
1500,1332,0
1661,1364,0
1364,1525,0
1500,1531,0
1500,1500,0
1386,1468,0
1413,1271,0
1279,1406,0
1407,1461,0
1411,1411,0
1337,1391,0
1084,1402,0
1406,1416,0
1426,1481,0
1355,1428,0
1441,1338,0
1451,1480,0
1386,1442,0
1387,1406,0
1375,1396,0
1406,1423,0
1364,1397,0
1280,1413,0
1309,1393,0
1393,1527,0
1393,1309,0
1428,1279,0
1428,1527,0
1309,1730,0
1309,1393,0
1309,1527,0
1393,1309,0
1509,1868,0
1513,1783,0
1599,1499,0
1519,1557,0
1533,1507,0
1513,1695,0
1518,1716,0
1535,1620,0
1526,1542,0
1550,1620,0
1562,1556,0
1130,1383,0
1136,1383,0
984,1378,0
1378,1377,0
1196,1348,0
1429,1552,0
1805,1727,0
1740,1496,0
1750,1804,0
1757,1893,0
1534,1740,0
1932,1757,0
1500,1425,0
1437,1458,0
1470,1428,0
1345,1392,0
1428,1222,0
1436,1522,0
1461,1490,0
1400,1451,0
1525,1418,0
1427,1433,0
1464,1416,0
1476,1387,0
1299,1369,0
1384,1285,0
1500,1374,0
1333,1364,0
1337,1384,0
1033,1333,0
1500,1287,0
1250,1500,0
1194,1311,0
886,1659,0
1049,1234,0
1500,1595,0
1500,1595,0
1500,1500,0
1500,1683,0
1822,1588,0
1853,1809,0
1580,1800,0
1719,1765,0
1781,1956,0
1714,1771,0
1246,1753,0
1279,1720,0
1423,1576,0
1500,1500,0
1028,1284,0
1058,1249,0
1066,1256,0
1073,1313,0
1118,1002,0
1150,1157,0
1129,1096,0
1132,1107,0
1110,1320,0
1317,1049,0
1061,1297,0
1074,1292,0
1138,1368,0
1296,1051,0
1138,1217,0
1253,1232,0
1253,1956,0
1257,1715,0
1262,1661,0
1265,1720,0
1283,1668,0
1246,1759,0
1252,1611,0
1256,1703,0
1666,1212,0
1212,2215,0
1178,1616,0
1268,1142,0
1017,1122,0
1152,1158,0
1168,1833,0
1182,1429,0
1347,1417,0
1467,1390,0
1358,1420,0
1500,1422,0
1173,1410,0
1550,1372,0
1362,1458,0
1500,1362,0
1375,1435,0
1616,1504,0
1584,1504,0
1504,1612,0
1504,1737,0
1504,1500,0
1500,1504,0
1500,1504,0
1504,1606,0
1500,1504,0
1500,1504,0
1500,1504,0
943,1504,0
1233,1503,0
1587,1500,0
1500,1587,0
1587,1500,0
1500,1500,0
1500,1700,0
1500,1712,0
1500,1500,0
1500,1500,0
1500,1500,0
1665,1697,0
1680,1633,0
1696,1527,0
1579,1664,0
1678,1565,0
1691,1696,0
1717,1618,0
1626,1708,0
1722,1612,0
1730,1848,0
1656,1729,0
1628,1721,0
1728,1853,0
1687,1709,0
1721,1679,0
1518,1689,0
1694,1707,0
1744,1681,0
1482,1472,0
1221,1368,0
1500,1432,0
1365,1163,0
1163,1985,0
1158,1383,0
1206,1132,0
1136,1128,0
1160,796,0
795,1157,0
1084,1146,0
1158,1191,0
1161,1200,0
1184,1070,0
1176,1070,0
1160,1070,0
1026,1116,0
1140,1011,0
1178,1132,0
1089,1162,0
1092,1144,0
1172,1077,0
1112,1151,0
1211,1500,0
1317,1538,0
1317,1500,0
1391,1774,0
1408,1577,0
1418,1741,0
1422,2026,0
1523,1375,0
1375,1992,0
1221,1281,0
950,1274,0
1255,1157,0
874,1255,0
1152,1246,0
909,1227,0
1268,1204,0
1246,1238,0
1249,1531,0
1252,1770,0
1255,1833,0
1525,1232,0
1235,1592,0
1246,1565,0
1257,1342,0
1266,1854,0
1278,1329,0
1290,1436,0
1293,1710,0
958,1289,0
1296,1702,0
1302,1647,0
1303,1876,0
1313,1401,0
1323,1451,0
1369,1307,0
1319,1363,0
1324,1599,0
1289,1321,0
1300,1749,0
1302,1696,0
1453,1261,0
1235,1246,0
1453,1222,0
1338,1200,0
1208,1406,0
1213,1519,0
1188,1605,0
2035,1629,0
1374,1553,0
1813,1528,0
1669,1481,0
1453,1412,0
1235,1375,0
1431,1355,0
1248,1291,0
1916,1222,0
1788,1187,0
1023,1086,0
1098,1249,0
1130,1210,0
1169,1104,0
1114,1384,0
1074,2151,0
1425,1447,0
1451,1414,0
1424,1431,0
1436,1389,0
1453,1369,0
1464,1465,0
1476,1453,0
1472,1498,0
1459,1461,0
1450,1452,0
1461,1491,0
1450,1452,0
1464,1415,0
1417,1454,0
1465,1438,0
1498,1768,0
1510,1452,0
1536,1460,0
1559,1514,0
1568,1581,0
1475,1560,0
1543,1536,0
1547,1513,0
1436,1568,0
1580,1763,0
1711,1753,0
2070,2203,0
1966,2214,0
2232,2081,0
2169,2221,0
1788,2207,0
2178,2187,0
2080,2157,0
2176,2027,0
2018,2167,0
1989,2160,0
1692,2143,0
1690,2141,0
1739,2143,0
1852,1874,0
1863,1831,0
1565,1831,0
1741,1771,0
1581,1767,0
1410,1736,0
1852,1862,0
1868,1716,0
1881,1825,0
1663,1631,0
1445,1627,0
1634,1715,0
1638,2075,0
1638,1606,0
973,1173,0
999,1068,0
1037,1004,0
1059,1016,0
1036,1035,0
1071,1118,0
1092,1143,0
1141,1168,0
1296,1120,0
1136,1344,0
1152,1218,0
1221,1238,0
1135,1129,0
1500,1398,0
1500,1504,0
1638,2019,0
1082,1480,0
1480,1488,0
1350,1480,0
1500,1480,0
1444,1480,0
1480,1376,0
1027,1480,0
1225,1480,0
1480,1490,0
1316,1480,0
1500,1480,0
1314,1480,0
1480,1298,0
1480,1456,0
1209,1480,0
1500,1480,0
1500,1480,0
1480,1500,0
1276,1480,0
1301,1480,0
1498,1480,0
1109,1171,0
1197,1078,0
1346,1354,0
1500,1725,0
1500,1542,0
1500,1827,0
1500,1348,0
1500,1331,0
1876,1906,0
1923,1887,0
1935,1875,0
1885,1897,0
1883,1961,0
1907,1860,0
1932,1951,0
1972,1919,0
1929,1955,0
1941,1925,0
1947,1929,0
1941,1925,0
1947,2114,0
1949,2104,0
1176,1704,0
1259,1704,0
1307,1704,0
1500,1521,0
1759,1532,0
1757,1895,0
1579,1760,0
1455,1568,0
1581,1535,0
1585,1820,0
1795,1578,0
1602,1636,0
1504,1558,0
1600,1545,0
1629,1517,0
1525,1633,0
1649,1510,0
1525,1385,0
1531,1689,0
1545,1461,0
1612,1531,0
1534,1868,0
1600,1521,0
1551,1574,0
1575,1772,0
1616,1600,0
1423,1614,0
1628,1538,0
1836,1987,0
1867,1785,0
1861,1757,0
1786,1609,0
1500,1782,0
1805,1757,0
1808,1947,0
1831,1796,0
1839,1967,0
1846,1977,0
1845,2011,0
1693,1455,0
1588,1674,0
1199,1659,0
1690,1540,0
1696,1896,0
1722,1817,0
1652,1708,0
1525,1494,0
1530,1561,0
1575,1516,0
1538,1452,0
1541,1900,0
1270,1544,0
1733,1732,0
1732,1733,0
1733,1732,0
1732,1733,0
1654,1732,0
1732,1733,0
1733,1732,0
1377,1520,0
1429,1487,0
1249,1500,0
1278,1357,0
1278,1711,0
1278,1500,0
1278,1500,0
1278,1500,0
1278,1500,0
1278,1500,0
1278,1611,0
1400,1476,0
1290,1400,0
1400,1619,0
1302,1400,0
1352,1400,0
1400,1635,0
1171,1400,0
1400,1387,0
1400,1349,0
1675,1400,0
1515,1400,0
1366,1400,0
1589,1400,0
1400,1437,0
1356,1400,0
1400,1395,0
1500,1400,0
1442,1400,0
1532,1503,0
1385,1526,0
1537,1509,0
1470,1528,0
1556,1420,0
1517,1535,0
1514,1524,0
1552,1512,0
1499,1501,0
1394,1475,0
1491,1283,0
1508,1243,0
1275,1504,0
1514,1515,0
1482,1504,0
1455,1480,0
1507,1494,0
1461,1486,0
1927,2193,0
1996,2193,0
1799,2193,0
1799,2193,0
1814,2193,0
2037,2157,0
1953,1973,0
1861,1500,0
2119,1500,0
1281,1500,0
1633,1625,0
1653,1742,0
1679,1652,0
1588,1619,0
2070,2126,0
1287,2126,0
2126,1878,0
1911,2126,0
2009,2126,0
2047,2126,0
1673,2126,0
1768,2126,0
2057,2126,0
2101,2048,0
1975,1962,0
1091,1645,0
1183,1248,0
1549,1425,0
1488,1478,0
1491,1541,0
1746,1466,0
1442,1609,0
1453,1558,0
1311,1402,0
1333,1361,0
1522,1404,0
1537,1453,0
1853,1523,0
1500,1989,0
1500,1473,0
1497,1820,0
1570,2090,0
1574,1853,0
1587,1573,0
1299,1583,0
1507,1573,0
1574,2093,0
1576,2023,0
1253,1556,0
1183,1554,0
1304,1543,0
1558,1479,0
1572,1544,0
1555,1632,0
1563,1697,0
1349,1497,0
1360,1764,0
1474,1328,0
1338,1541,0
1345,1483,0
1351,1532,0
1360,1432,0
1445,1345,0
1353,1485,0
1342,1546,0
1348,1652,0
1356,1461,0
1372,1461,0
1375,1679,0
1392,1488,0
1341,1391,0
1399,1483,0
1440,1387,0
1347,1376,0
1376,1444,0
1431,1376,0
1370,1500,0
1311,1368,0
1369,2070,0
1880,1320,0
1807,1274,0
1632,1232,0
1232,2017,0
1359,1218,0
1221,1226,0
1157,1211,0
1207,1190,0
1315,1163,0
1166,1061,0
1152,1152,0
1156,1442,0
1154,1332,0
1153,1370,0
1064,1144,0
1144,1500,0
1106,1143,0
1157,1092,0
1083,1165,0
1236,1137,0
1148,1417,0
1155,1292,0
1660,1838,0
1977,1919,0
1769,1791,0
1473,1775,0
1481,1730,0
1492,1649,0
1208,1311,0
1175,1673,0
1155,1170,0
1234,1096,0
1097,1902,0
1097,1500,0
1101,1635,0
1107,1631,0
1155,1265,0
1158,1766,0
1703,1677,0
1722,1735,0
1674,1722,0
1744,1924,0
1749,1806,0
1632,1727,0
1714,1709,0
1800,1714,0
1714,1800,0
1800,1714,0
1647,1737,0
1737,1631,0
1559,1767,0
1578,1603,0
1593,1608,0
1620,1581,0
1646,1553,0
1565,1712,0
1571,1725,0
1575,1844,0
1698,1564,0
1452,1549,0
1597,1543,0
1549,1720,0
1557,1675,0
1611,1560,0
1548,1549,0
1555,1730,0
1559,1839,0
1570,1578,0
1640,1556,0
1600,1542,0
1569,1710,0
1579,1557,0
1706,1540,0
1543,1858,0
1500,1769,0
1413,1500,0
1347,1500,0
1644,1810,0
949,1064,0
961,974,0
1500,1482,0
1272,1169,0
1278,1500,0
1265,1500,0
1265,1500,0
1278,1280,0
1500,1279,0
964,1267,0
1277,1490,0
1442,1310,0
1495,1283,0
1264,1507,0
1586,1632,0
2103,2198,0
2066,2180,0
2190,2234,0
2201,2173,0
2226,2219,0
2151,2209,0
2221,2209,0
2230,2201,0
2225,2207,0
2179,2189,0
1502,1530,0
1368,1496,0
1513,1384,0
1534,1528,0
1550,1511,0
810,1218,0
1210,2026,0
1211,2025,0
1255,1815,0
1188,1716,0
1387,1621,0
1421,1278,0
1461,1357,0
1476,1316,0
1394,1358,0
1439,1493,0
1561,1574,0
1500,1507,0
1624,1504,0
1524,1269,0
1500,1401,0
1508,1500,0
1508,2016,0
1508,1727,0
1500,1581,0
1238,1500,0
1500,1693,0
1500,1693,0
1622,1500,0
1418,1588,0
1761,1579,0
1750,1733,0
1759,1500,0
1763,1661,0
1801,1686,0
1764,1711,0
1696,1725,0
1734,1701,0
1720,1697,0
1704,1852,0
1718,1587,0
1737,1775,0
1772,1770,0
1696,1797,0
1695,1789,0
1760,1782,0
1261,1279,0
1162,1242,0
1336,1190,0
1452,1108,0
1255,1108,0
1142,1431,0
1107,1352,0
1494,1506,0
1572,1484,0
1492,1563,0
1513,1527,0
1478,1503,0
1513,1541,0
1322,1507,0
1502,1469,0
1497,1491,0
1430,1482,0
1531,1473,0
1483,1521,0
1479,1514,0
1468,1468,0
1479,1462,0
1479,1427,0
1481,1436,0
1407,1500,0
1500,1742,0
1254,1204,0
1203,1140,0
1233,1532,0
1446,1133,0
1499,1449,0
1405,1365,0
989,1658,0
989,1658,0
1610,989,0
1003,1246,0
963,1500,0
978,1179,0
1032,1011,0
1440,1451,0
1455,1679,0
1508,1440,0
1545,1402,0
1418,1472,0
1423,1645,0
1457,1418,0
1421,1754,0
1465,1706,0
1488,1591,0
1528,1468,0
1549,1456,0
1436,1434,0
1443,1471,0
1073,1135,0
1155,1483,0
1157,2312,0
1164,1616,0
1209,1320,0
1215,1703,0
1515,1127,0
1009,1513,0
1027,1509,0
1072,1625,0
1073,1939,0
1149,1677,0
1500,1182,0
1435,2042,0
1353,1207,0
1079,1325,0
1052,1304,0
1100,1393,0
1100,1393,0
1027,1084,0
1104,1057,0
1130,1019,0
1141,1098,0
1145,1174,0
1205,1199,0
1141,1175,0
1018,1142,0
1208,1140,0
1195,1123,0
1221,1168,0
1054,1384,0
1469,1476,0
1315,1455,0
1466,1815,0
1278,1406,0
1515,1404,0
1907,1599,0
1299,1500,0
1430,1500,0
1576,1500,0
1117,898,0
1128,1347,0
1146,1355,0
1254,1116,0
1158,1306,0
1167,1627,0
1200,1252,0
1303,1175,0
1155,1907,0
1173,1718,0
1264,1288,0
1907,1264,0
1277,1409,0
1406,1404,0
1500,1458,0
1138,1276,0
1186,1283,0
1256,1301,0
1205,1279,0
1500,1311,0
1676,2003,0
1629,2001,0
1079,1582,0
1410,1582,0
1500,1582,0
1500,1582,0
1143,1591,0
1143,1591,0
1143,1591,0
924,1097,0
1077,1359,0
1362,1157,0
1362,1500,0
1500,1584,0
1555,1844,0
1856,1819,0
1741,1860,0
1881,1518,0
1573,1877,0
1836,1832,0
1841,1914,0
1626,1820,0
1802,1740,0
1828,1697,0
1915,1807,0
1810,1817,0
1822,1798,0
1788,2059,0
1461,1785,0
1094,1047,0
1104,1280,0
1109,1227,0
1086,1774,0
1092,1247,0
1121,1105,0
1121,1501,0
1126,1483,0
2271,2322,0
2291,2290,0
2126,2221,0
2193,2181,0
2204,2157,0
2120,2135,0
1151,2135,0
1586,2133,0
1635,2131,0
1967,2116,0
1791,2060,0
2043,2032,0
1729,1886,0
1657,1638,0
1696,1629,0
1669,1792,0
1714,1676,0
1573,1715,0
1472,1691,0
1787,1533,0
1550,1755,0
1840,1606,0
1589,1444,0
1545,1684,0
2458,2424,0
2420,2404,0
2513,2383,0
2469,2369,0
2249,2359,0
2324,2349,0
2226,2342,0
2347,2394,0
2355,2449,0
1645,1737,0
1641,1726,0
1726,1653,0
1587,1519,0
1547,1801,0
1674,1862,0
1500,1810,0
1193,1319,0
1244,1394,0
1453,1380,0
1459,1392,0
1434,1449,0
1500,1901,0
1500,1937,0
1500,2021,0
1500,1477,0
1916,1500,0
1500,1500,0
1557,1500,0
1854,1814,0
1828,1801,0
1819,1891,0
1245,1294,0
1234,1235,0
1265,1267,0
1275,1286,0
1298,1244,0
1291,1301,0
1300,1319,0
1318,1318,0
1336,1355,0
1356,1355,0
1315,1346,0
1277,1306,0
1244,1297,0
1346,1276,0
1836,1741,0
1858,1903,0
1793,2131,0
1596,2131,0
1236,2131,0
1127,1707,0
1416,1625,0
1500,1625,0
1688,1485,0
1344,1648,0
1763,1816,0
1033,1500,0
1035,1603,0
1036,1653,0
1051,1356,0
1062,1322,0
1025,1579,0
1035,1401,0
1041,1600,0
1156,1005,0
1006,1679,0
946,1250,0
1277,1550,0
1279,1696,0
1294,1804,0
1298,1800,0
1340,1511,0
1563,1866,0
1500,1866,0
1866,1466,0
1407,1866,0
1614,1866,0
1500,1866,0
1500,1866,0
1706,1866,0
1817,1866,0
1907,1770,0
1922,1839,0
1457,1925,0
1925,1777,0
1777,1925,0
1932,2075,0
1319,1932,0
1800,1932,0
1941,2034,0
1950,2049,0
1422,1967,0
1896,1959,0
1959,1629,0
1972,1959,0
1970,1959,0
1955,1946,0
1505,1914,0
1928,1988,0
1023,1821,0
1030,1501,0
1043,1701,0
1049,1539,0
1055,1569,0
1500,1500,0
1500,1500,0
2263,1500,0
1750,1437,0
1910,1714,0
1695,1688,0
1516,1643,0
1737,1601,0
1773,1495,0
1259,1494,0
1509,1439,0
1626,1353,0
1603,1353,0
1873,1884,0
1873,1744,0
1873,2008,0
1500,1873,0
1521,1526,0
1626,1503,0
1519,1547,0
1521,1892,0
1229,1517,0
1351,1498,0
1521,1484,0
1551,1538,0
1633,1287,0
1716,1422,0
1291,1500,0
1013,1206,0
1216,1344,0
1192,1487,0
1295,1153,0
1240,1297,0
1574,1260,0
1267,1552,0
1279,1629,0
1285,1623,0
1644,1264,0
1267,1641,0
1271,1549,0
1526,1253,0
1335,1241,0
1250,1243,0
1248,1239,0
1201,1230,0
1217,1219,0
1231,1205,0
1240,1219,0
1283,1393,0
1299,1376,0
1303,1354,0
1323,1334,0
1884,2500,0
1134,1372,0
1137,1533,0
1156,1297,0
1155,1459,0
1171,1648,0
1171,1500,0
1172,1760,0
1190,1337,0
1698,1154,0
1158,1521,0
1162,1606,0
1173,1751,0
1184,1500,0
1965,2087,0
1420,1964,0
1987,1900,0
1821,1979,0
1996,1886,0
1673,1992,0
1672,1988,0
2006,1956,0
1978,2457,0
1651,1974,0
1972,2072,0
1774,1965,0
1975,2015,0
1872,1973,0
1974,1990,0
1300,1495,0
1707,1775,0
2054,2123,0
1702,1664,0
1715,1651,0
1708,1694,0
1716,1684,0
1696,1706,0
1830,1694,0
1869,1670,0
1691,1670,0
2295,2127,0
1575,2291,0
1466,1458,0
1367,1450,0
1345,1452,0
1459,1569,0
1454,1613,0
1463,1413,0
1423,1453,0
1455,1442,0
1459,1566,0
1475,1314,0
1453,1772,0
1457,1510,0
1363,1448,0
1388,1444,0
1260,1438,0
1439,1453,0
1408,1448,0
1438,1698,0
1444,1815,0
1449,1636,0
1425,1415,0
1423,1533,0
1573,1407,0
1060,1134,0
1124,1790,0
1203,1422,0
1402,1208,0
1404,1326,0
1254,1256,0
1172,1162,0
1500,1435,0
1619,1574,0
1575,1640,0
1654,1561,0
1678,1675,0
1777,1648,0
1652,1624,0
1645,1679,0
1894,2133,0
2135,2118,0
2021,2107,0
2092,2080,0
1928,2051,0
2073,2195,0
2077,2443,0
2085,2436,0
2104,2340,0
2123,2116,0
2140,2244,0
2173,2287,0
1500,1191,1
1496,1500,1
1439,1454,1
1523,1469,1
1520,1423,1
1381,1209,1
1381,1272,1
1094,1141,1
1500,1094,1
1094,1068,1
1500,1094,1
1307,1106,1
1078,1219,1
1825,1079,1
1203,1019,1
1422,975,1
1569,978,1
1500,978,1
2449,978,1
1500,978,1
2443,978,1
1500,978,1
1500,978,1
1343,978,1
2436,978,1
2436,978,1
1500,978,1
978,1500,1
1521,1162,1
1407,1500,1
1492,1458,1
1525,1466,1
1567,1573,1
1939,1581,1
1755,1574,1
1561,1596,1
1544,1461,1
1617,1590,1
1855,1599,1
1589,1547,1
1571,1728,1
1720,1579,1
1552,1436,1
1536,1667,1
1521,1549,1
1537,1408,1
1522,1512,1
1602,1532,1
1539,1418,1
1603,1550,1
1542,1399,1
1513,1784,1
1501,1445,1
1500,1500,1
1734,1748,1
1942,1739,1
1724,1855,1
1951,1729,1
1726,1388,1
1743,1738,1
1721,1750,1
1746,1487,1
1729,1795,1
1770,1872,1
1724,1958,1
1706,925,1
1215,921,1
1433,1282,1
1276,1308,1
1338,1277,1
1263,1336,1
1316,1273,1
1248,1253,1
1223,1189,1
1227,1216,1
1227,1227,1
1550,1225,1
1325,1234,1
1191,1228,1
1186,1223,1
1212,1212,1
1865,1862,1
1852,1852,1
1833,1863,1
1851,1918,1
1853,1774,1
1910,1862,1
1851,1890,1
1828,1848,1
1855,1858,1
1847,1895,1
1885,1856,1
1847,1802,1
1895,1859,1
1849,1874,1
1856,1829,1
1845,1846,1
1846,1845,1
1331,1281,1
1304,1292,1
1308,1317,1
1500,1299,1
1288,1232,1
1431,1289,1
1806,1289,1
1289,1311,1
1289,1500,1
1409,1297,1
1280,1485,1
1280,1211,1
1221,1417,1
1232,1234,1
1240,1219,1
1590,1600,1
1500,1358,1
1377,1249,1
1375,1389,1
1378,1361,1
1369,1368,1
1290,1371,1
1361,1383,1
1217,1399,1
1387,1447,1
1377,1351,1
1849,1389,1
1370,1257,1
1360,1332,1
1311,1360,1
1714,1360,1
1354,1217,1
1346,1099,1
1336,1287,1
1580,1555,1
1557,1607,1
1557,1632,1
1535,1609,1
1497,1730,1
1437,1552,1
1513,1456,1
1638,1614,1
1613,1934,1
1568,1593,1
1518,1709,1
1728,1527,1
1515,1379,1
1470,1475,1
1611,1974,1
1611,1478,1
1453,1496,1
1340,1326,1
1532,1500,1
1560,1557,1
1531,1593,1
1743,1604,1
1604,1614,1
1605,1475,1
1570,1605,1
1500,1605,1
1605,1500,1
1790,1874,1
1864,1805,1
1851,1853,1
1861,1863,1
1612,1614,1
1605,1624,1
1480,1643,1
1631,1652,1
1687,1641,1
1630,1638,1
1619,1419,1
1649,1639,1
1705,1636,1
1637,1627,1
1626,1631,1
1579,1623,1
1995,1581,1
1559,1557,1
1546,1571,1
1550,1567,1
1560,1419,1
1840,1564,1
1534,1678,1
1789,1538,1
1500,1568,1
1238,985,1
1107,961,1
1203,970,1
1127,1044,1
1020,1200,1
1337,1337,1
1500,1571,1
1590,1373,1
1476,1367,1
1460,1386,1
1372,1408,1
1382,1414,1
1383,1330,1
1383,1242,1
959,1357,1
1357,959,1
1541,1586,1
1517,1320,1
1569,1569,1
1903,1512,1
1612,1450,1
1327,1450,1
1245,1450,1
1462,1464,1
1450,1486,1
1439,1418,1
1547,1563,1
1863,1567,1
1559,1423,1
1562,1582,1
1576,1386,1
1353,1595,1
1591,1326,1
1536,1962,1
1653,1522,1
1919,1488,1
1470,1684,1
1586,1473,1
1548,1488,1
1529,1639,1
1631,1537,1
1568,1636,1
1626,1384,1
1646,939,1
1667,1668,1
1752,1677,1
1582,1704,1
1693,1666,1
1678,1148,1
1684,1107,1
1525,1693,1
1688,1704,1
1699,1497,1
1684,1720,1
1721,1736,1
1724,1733,1
1741,1496,1
1430,1302,1
1445,1314,1
1300,1333,1
1318,1449,1
1290,1367,1
1814,1299,1
1348,1308,1
1324,1329,1
1403,1340,1
1322,1072,1
1373,1341,1
1350,1265,1
1223,1282,1
1289,1306,1
1170,1179,1
1442,1183,1
1172,1170,1
1171,1190,1
1175,1329,1
1154,974,1
1439,1171,1
1245,1170,1
1278,1173,1
1164,1293,1
1353,1170,1
1353,1181,1
1184,1184,1
1171,1252,1
1157,1234,1
1142,1226,1
1123,1084,1
1247,1122,1
1099,1173,1
914,1133,1
1125,996,1
1242,1125,1
1111,1219,1
2008,1954,1
2100,1960,1
2068,1982,1
1959,2028,1
2005,1969,1
1960,1868,1
1951,2049,1
1265,1957,1
1954,1578,1
1984,2050,1
2050,1852,1
1901,1164,1
1164,1435,1
1435,1164,1
1164,1435,1
1866,1099,1
1211,1230,1
1344,1500,1
1834,1500,1
1635,1500,1
1714,1709,1
1613,1729,1
1708,1729,1
1721,1643,1
1261,1237,1
1100,1306,1
1590,1100,1
1522,1500,1
2336,1830,1
2334,1836,1
2329,2017,1
2323,1881,1
2312,1663,1
2300,2041,1
2288,2148,1
2283,1947,1
2275,2016,1
2263,2006,1
2257,1922,1
2217,2059,1
2175,1936,1
2161,1984,1
2150,1915,1
2104,1344,1
2082,1500,1
1609,2109,1
2091,1704,1
1408,1396,1
1398,1383,1
1387,1399,1
1371,1374,1
1351,1287,1
1332,1500,1
1231,1545,1
1142,1138,1
1392,1500,1
1905,1852,1
1478,1500,1
1478,1362,1
1478,1490,1
1466,1592,1
1466,1582,1
1566,1493,1
1444,1465,1
1436,1439,1
1437,1446,1
1322,913,1
1224,1332,1
1348,1381,1
911,1356,1
1352,1408,1
1787,1417,1
1723,1814,1
1800,1590,1
1798,1250,1
1758,1804,1
1800,1831,1
1820,1814,1
1914,1842,1
2469,2216,1
2460,2240,1
2447,2005,1
2432,2213,1
2418,2067,1
2409,2182,1
1719,1679,1
1672,1701,1
1687,1717,1
1719,1765,1
1696,1722,1
1833,1740,1
1722,1605,1
1713,1659,1
1690,1613,1
1568,1696,1
1453,1724,1
1709,1716,1
1694,1825,1
1706,1695,1
1683,1717,1
1707,1693,1
1758,1702,1
2334,1800,1
1774,1768,1
1760,1542,1
1713,1609,1
1710,1618,1
1603,1539,1
1821,1832,1
1832,1821,1
1821,1820,1
1500,1821,1
1902,1830,1
1830,1311,1
1548,1842,1
1876,1856,1
1864,1449,1
1878,1906,1
1864,1842,1
1832,1696,1
1894,1539,1
2215,1961,1
2215,2191,1
2215,2147,1
2210,1805,1
2200,1810,1
2121,2118,1
2078,1920,1
1986,2009,1
1904,1544,1
1902,1811,1
1879,1569,1
1805,1749,1
1787,1343,1
1500,1569,1
1541,1690,1
1567,1551,1
1534,1467,1
1524,1499,1
1548,1535,1
2621,1545,1
1432,1559,1
1543,1553,1
1544,1496,1
1519,1556,1
1545,1559,1
1500,1973,1
813,841,1
1478,859,1
859,1500,1
1574,861,1
1186,871,1
1391,875,1
1271,883,1
1203,894,1
1500,901,1
1331,1083,1
1266,1130,1
1214,1222,1
1034,1222,1
1535,1273,1
1950,2212,1
1950,1226,1
2023,1671,1
1990,1678,1
1967,1500,1
1967,1295,1
1500,1647,1
1613,1694,1
1500,1500,1
1528,1500,1
1826,1900,1
1619,1625,1
1551,1625,1
1720,1862,1
1674,1862,1
2203,1862,1
1598,1862,1
1708,1862,1
1704,1862,1
1799,1862,1
1567,1862,1
1564,1862,1
1862,1140,1
1960,1950,1
2199,1955,1
1937,2090,1
1951,1664,1
1944,1776,1
1500,1500,1
1500,1500,1
1500,1500,1
1500,1500,1
1500,1500,1
1452,1343,1
1343,1376,1
1803,1737,1
1500,1534,1
1500,1421,1
1500,1329,1
1851,1712,1
1712,1714,1
1500,1712,1
1780,1712,1
1582,1494,1
1726,1589,1
1577,1618,1
1693,1585,1
1573,1590,1
1597,1583,1
1603,1594,1
1586,1623,1
1575,1571,1
2065,1976,1
1976,1988,1
1976,1987,1
2229,2002,1
1819,2020,1
2014,1827,1
2008,1744,1
1982,1917,1
2040,1981,1
2131,2018,1
2116,2252,1
1687,1691,1
1663,1758,1
1779,1794,1
1500,1688,1
1873,1651,1
1868,1656,1
1860,1770,1
1833,1873,1
2004,1881,1
1864,1892,1
1893,1624,1
1882,1602,1
1878,1887,1
1881,1828,1
1868,1824,1
1819,1881,1
1871,1841,1
1828,1884,1
1650,1910,1
1968,1921,1
1907,1946,1
1903,1648,1
1894,1506,1
1890,1617,1
1708,1528,1
1759,1790,1
1686,1681,1
1840,1732,1
1791,1716,1
1148,1057,1
1066,1326,1
1625,1384,1
1805,1384,1
1678,1595,1
2291,2144,1
2272,2061,1
2109,2247,1
2062,1978,1
1996,1957,1
1756,1771,1
1432,1916,1
1870,1479,1
2108,1500,1
1547,1564,1
1444,1651,1
1627,1496,1
1604,1446,1
1740,1500,1
1436,1484,1
2053,1914,1
2021,1921,1
1885,1607,1
1500,1603,1
1185,1222,1
1262,1240,1
1133,1264,1
1257,1141,1
1279,1267,1
1315,1264,1
1332,1287,1
1194,1308,1
1291,1262,1
1286,1083,1
1278,1173,1
1329,1271,1
1279,1036,1
1152,1284,1
1277,1122,1
1264,1327,1
1442,1270,1
1260,1233,1
1767,1260,1
1783,1249,1
1247,1380,1
1662,1501,1
1501,1199,1
1199,1501,1
1501,1500,1
1597,1501,1
1501,1619,1
1585,1501,1
1501,1590,1
1702,1501,1
1514,1501,1
1694,1501,1
1500,1501,1
1500,1501,1
1787,1501,1
1707,1501,1
1645,1501,1
1501,1797,1
1501,1501,1
1500,1501,1
1501,1500,1
1501,1513,1
1501,1509,1
1585,1501,1
1501,1500,1
1598,1501,1
1104,1343,1
1104,1228,1
1104,1069,1
1104,1500,1
1104,1139,1
1104,1337,1
1104,1017,1
1500,1104,1
1481,1104,1
1356,1104,1
1024,1104,1
1336,1104,1
1500,1104,1
1430,1104,1
1408,1104,1
1408,1104,1
1499,1104,1
1412,1104,1
1233,1174,1
1225,1252,1
1216,1041,1
1277,1241,1
1233,1013,1
1225,1014,1
1390,1339,1
1444,1327,1
1327,1391,1
1500,1327,1
1313,1360,1
1500,1313,1
958,1313,1
1223,1313,1
1291,1313,1
1313,1500,1
1500,1313,1
1313,1239,1
1428,1313,1
1313,1078,1
1307,1313,1
1313,1399,1
1412,1313,1
1563,1318,1
1412,1337,1
1337,1382,1
1516,1345,1
1418,2003,1
1799,1408,1
2019,1805,1
1757,1825,1
2150,1829,1
1723,1859,1
1853,1675,1
1834,1856,1
1728,1859,1
2096,1870,1
1860,1800,1
1846,1778,1
1842,1300,1
1820,2095,1
1785,2116,1
1769,1926,1
1967,1775,1
1754,1768,1
1756,1765,1
1225,1086,1
1335,1237,1
1237,1335,1
1335,1237,1
1227,1303,1
1214,1115,1
1197,1190,1
2186,1017,1
1108,1017,1
2008,1017,1
1657,1362,1
1804,1372,1
1414,1182,1
1171,1432,1
1401,1467,1
1445,1407,1
1394,1659,1
1383,1384,1
1397,1394,1
1430,1416,1
1467,1426,1
1426,1500,1
1426,1207,1
1413,1500,1
1688,1413,1
1500,1407,1
1430,1407,1
2139,1407,1
1162,1273,1
1217,1176,1
1396,1131,1
1237,1565,1
1699,1457,1
1699,1500,1
1500,1545,1
1278,1380,1
1301,1401,1
1390,1423,1
1397,1327,1
1374,1408,1
1306,1429,1
1463,1432,1
1440,1443,1
1432,1456,1
1349,1419,1
1412,1305,1
1413,1434,1
1408,1184,1
1500,1414,1
1697,1592,1
1596,1711,1
1721,1857,1
1716,1856,1
1710,1712,1
1685,1609,1
1472,1445,1
1472,1500,1
1472,1218,1
1161,1472,1
1493,1500,1
1493,1463,1
1500,1482,1
1477,1189,1
1476,1524,1
1500,1170,1
1219,1229,1
1659,1500,1
1147,1121,1
1209,1261,1
2352,2366,1
2351,2363,1
1724,1605,1
1364,1327,1
1327,1355,1
1367,1343,1
1347,1186,1
1334,1400,1
1295,1821,1
1350,1285,1
1383,1286,1
1282,1018,1
1231,1295,1
1383,1307,1
1296,1284,1
1600,1300,1
1282,1492,1
1264,1367,1
1393,1272,1
1267,1370,1
1349,1276,1
1526,1290,1
1460,1296,1
1279,1625,1
1455,1272,1
1253,1472,1
1500,1509,1
2165,1973,1
2173,1831,1
2156,2181,1
2175,1983,1
1507,1497,1
1558,1526,1
1491,1438,1
1447,1439,1
1455,1506,1
1570,1565,1
1238,1500,1
1500,1238,1
1443,1500,1
1258,1331,1
1320,1291,1
1336,1292,1
1295,1321,1
1278,1463,1
1363,1287,1
1275,1287,1
1201,1290,1
1214,925,1
966,937,1
784,970,1
1161,958,1
1148,972,1
1181,978,1
958,1008,1
964,1029,1
808,973,1
1095,986,1
912,1024,1
1082,1070,1
1044,1080,1
1070,1069,1
1206,1069,1
1038,1074,1
1266,1053,1
1638,940,1
1649,1672,1
1711,1645,1
1648,1672,1
1595,1660,1
1671,1671,1
1660,1665,1
1682,1670,1
1730,1703,1
1799,1711,1
1701,1680,1
1964,1705,1
1704,1775,1
1772,1713,1
1699,1800,1
1679,1730,1
1661,1675,1
1637,1661,1
1620,1549,1
1535,1634,1
1347,1268,1
1400,1500,1
1258,1362,1
1605,1367,1
1576,1539,1
1191,1598,1
1595,1223,1
1301,1616,1
1611,1371,1
1569,1349,1
1728,1576,1
1560,1686,1
1550,1482,1
1775,1558,1
1549,1570,1
1575,1281,1
1574,1561,1
1651,1573,1
1569,1298,1
1349,1403,1
1418,1415,1
1403,1403,1
1395,1273,1
1545,1405,1
1285,1400,1
1406,1338,1
1586,1383,1
1383,1045,1
1383,1045,1
1980,1860,1
1171,1432,1
1403,1364,1
1985,1009,1
1227,1009,1
1009,1227,1
1344,1018,1
1500,1018,1
998,835,1
1055,1034,1
1166,1034,1
1100,1034,1
1653,1038,1
1038,1265,1
955,1038,1
1067,972,1
1324,1096,1
1918,1150,1
1352,1629,1
1353,1364,1
1403,1364,1
1345,1296,1
1293,1342,1
1325,1218,1
1776,1880,1
1840,1785,1
1786,1795,1
1848,1857,1
1854,1871,1
1805,1870,1
1844,1809,1
1810,1835,1
1981,1818,1
1946,1828,1
1825,1885,1
1864,1833,1
1906,1902,1
1873,1833,1
1839,1819,1
1717,1833,1
1770,1789,1
1500,1627,1
1822,1431,1
1416,1216,1
1393,1337,1
1867,1399,1
2009,1441,1
1460,1483,1
1937,1507,1
1915,1835,1
2340,1857,1
1846,1719,1
1880,1803,1
2231,1882,1
1870,1412,1
1949,1879,1
1841,1900,1
1375,1332,1
1318,1395,1
1309,1336,1
1326,1321,1
1308,1339,1
1285,1321,1
1550,1321,1
1335,1355,1
1360,1362,1
1783,1364,1
1341,1424,1
1819,1345,1
1324,1795,1
1318,1169,1
1743,1320,1
1309,1213,1
1375,1346,1
1398,1355,1
1346,1295,1
1351,1357,1
1091,1701,1
1674,1095,1
1907,1095,1
1733,1199,1
2047,1236,1
2032,1223,1
1765,1234,1
1739,1260,1
1694,1305,1
1654,1345,1
1500,1377,1
2126,1500,1
2126,1500,1
1500,1619,1
1513,1026,1
1519,1026,1
1145,1040,1
1878,1043,1
1666,1044,1
1856,1045,1
1700,982,1
1735,982,1
1883,1373,1
1344,1696,1
1863,1349,1
1338,1344,1
1829,1361,1
1344,1390,1
1512,1403,1
1889,1389,1
1817,1396,1
2086,1350,1
1241,1460,1
1384,1380,1
1435,1429,1
1469,1485,1
1590,1380,1
1371,1291,1
1741,1371,1
1363,1250,1
1343,1165,1
1326,1355,1
1635,1358,1
1329,1358,1
1321,1267,1
1324,1280,1
1368,1334,1
1335,1371,1
1341,1056,1
1376,1351,1
1337,1523,1
1313,1349,1
1160,1369,1
1468,1381,1
1303,1406,1
1398,1312,1
1297,1413,1
1400,1529,1
1444,1476,1
1740,1485,1
1581,1495,1
1597,1504,1
1684,1511,1
1579,1522,1
1502,1695,1
1605,1517,1
1748,1537,1
1353,1568,1
1369,1611,1
1721,1621,1
1307,1649,1
1649,1230,1
1821,1641,1
1466,1673,1
1742,1785,1
1650,1756,1
1876,1810,1
1833,1738,1
1882,1873,1
1946,1884,1
1863,1899,1
1581,1232,1
1581,1232,1
1232,1581,1
1500,1238,1
1188,1259,1
1371,1284,1
2131,1431,1
1426,1447,1
1603,1402,1
1402,1341,1
1116,1402,1
1116,1402,1
1402,1569,1
1737,1408,1
1859,1460,1
1501,1484,1
1457,1449,1
1419,1544,1
1781,1441,1
1639,1807,1
1807,1798,1
1889,1807,1
1639,1807,1
1555,1575,1
1555,1755,1
1555,1412,1
1293,2123,1
2118,1294,1
1500,2154,1
2075,2140,1
1848,2264,1
2056,2264,1
2264,1778,1
2264,1778,1
2264,2016,1
2264,1841,1
2264,1841,1
2264,1529,1
2264,1753,1
2264,1753,1
2264,1753,1
2264,1753,1
2264,1713,1
2264,1455,1
2264,1455,1
2264,1871,1
2264,1871,1
2264,1871,1
2249,2153,1
2218,2198,1
1466,1046,1
1457,1395,1
1434,1321,1
2026,1864,1
2021,1806,1
2016,2032,1
2024,1933,1
2008,1986,1
1980,2071,1
1958,1952,1
1937,1792,1
1930,1810,1
1903,1887,1
1829,1905,1
1954,1912,1
1874,1939,1
1899,1950,1
2007,1966,1
1989,1980,1
2069,1969,1
1958,1996,1
1951,1862,1
1937,1959,1
1950,1901,1
1859,1954,1
1975,1964,1
1956,1854,1
1785,1971,1
1960,2000,1
1949,1474,1
1474,1623,1
1390,1474,1
1474,1254,1
1820,1474,1
1474,1624,1
1474,1607,1
1572,1590,1
1500,1393,1
2065,1879,1
1797,2083,1
1500,1500,1
1128,795,1
1114,1189,1
1111,921,1
1111,897,1
1099,1124,1
1115,1013,1
798,1157,1
2419,1157,1
1151,964,1
1098,1202,1
1083,1218,1
1236,1098,1
1112,1109,1
1188,1118,1
1100,1116,1
1614,1711,1
1749,1726,1
1711,1760,1
1700,1625,1
1689,1593,1
1663,1705,1
1676,1684,1
1651,1466,1
1635,1647,1
1525,1657,1
1640,1650,1
1782,1651,1
1630,1697,1
1643,1696,1
1641,1645,1
1700,1635,1
1602,1671,1
1890,1639,1
1549,1551,1
1652,1674,1
1500,1497,1
1870,1202,1
1799,1866,1
1857,1590,1
1875,1074,1
1880,1781,1
1940,1879,1
1878,1534,1
1873,1630,1
1757,1891,1
1887,1564,1
1879,1671,1
1872,1708,1
1907,1677,1
1886,1737,1
1720,1905,1
1903,1454,1
1894,1775,1
1889,1641,1
1883,1646,1
1152,1271,1
1268,1312,1
1378,1276,1
1245,1284,1
1288,1257,1
1245,1300,1
1302,1377,1
1251,1314,1
1307,1180,1
1290,1548,1
1419,1309,1
1303,1321,1
1304,1226,1
1371,1315,1
1307,1246,1
1296,1298,1
1285,1279,1
1328,1295,1
1310,1304,1
1307,1272,1
1304,1318,1
1297,1319,1
1258,1299,1
1288,1268,1
1242,1291,1
1291,1242,1
1430,1434,1
1824,1500,1
1604,1344,1
1494,1364,1
1500,1364,1
1500,1364,1
1525,1364,1
1390,1364,1
1168,1364,1
1364,1500,1
1832,1500,1
2005,1500,1
1531,1500,1
1371,1398,1
1398,1286,1
1283,1422,1
2244,1411,1
1391,1411,1
1300,1405,1
1396,1231,1
1405,1417,1
1472,1436,1
1430,1256,1
1335,1444,1
1436,1345,1
1429,1511,1
1416,1491,1
1330,1409,1
1404,1197,1
1397,1415,1
1405,1408,1
1171,1422,1
1412,1401,1
1518,1419,1
1393,1527,1
1730,1393,1
1527,1393,1
1393,1309,1
1428,1730,1
1730,1428,1
1279,1428,1
1730,1428,1
1500,1428,1
1527,1309,1
1527,1309,1
1393,1309,1
1845,1507,1
1539,1510,1
1609,1526,1
1729,1553,1
1508,1555,1
1531,1579,1
1581,1541,1
2167,1562,1
1383,1136,1
1372,1003,1
1364,1065,1
1336,1088,1
1310,1273,1
1285,1116,1
1271,1328,1
1574,1562,1
1558,1235,1
1547,1567,1
1517,1559,1
1741,1810,1
1866,1734,1
1722,1756,1
1746,1743,1
1498,1759,1
1672,1774,1
1742,1856,1
1425,1500,1
1417,1326,1
1403,1428,1
1446,1448,1
1441,1331,1
1415,1484,1
1402,1495,1
1420,1403,1
1556,1410,1
1507,1418,1
1410,1300,1
1398,1416,1
1383,1410,1
1428,1318,1
1500,1435,1
1593,1442,1
1469,1453,1
1378,1318,1
1350,1409,1
1327,1383,1
1465,1287,1
1413,1305,1
1275,1308,1
1245,1259,1
1292,1275,1
1264,1315,1
1282,1234,1
1250,1156,1
1138,1176,1
1373,1084,1
2286,1373,1
1511,1500,1
1358,886,1
1620,890,1
1484,898,1
1500,898,1
1325,921,1
1397,940,1
1500,963,1
1118,1049,1
1110,1500,1
1359,1500,1
1649,1500,1
1500,1500,1
1804,2023,1
1805,1536,1
1794,1597,1
2100,1798,1
1789,1695,1
1774,1894,1
1874,1765,1
1773,1659,1
1899,1780,1
2032,1776,1
1765,1234,1
1739,1260,1
1694,1305,1
1654,1345,1
1579,1022,1
1307,1033,1
983,1051,1
1308,1079,1
1046,1096,1
1107,977,1
1125,1124,1
1328,1133,1
1131,1167,1
1107,1225,1
1208,1123,1
1099,1198,1
1315,1122,1
1094,1144,1
1287,1089,1
1098,1123,1
1114,998,1
1045,1101,1
1062,1216,1
1045,1080,1
1175,1121,1
1923,1258,1
1782,1268,1
1551,1276,1
1810,1278,1
2003,1284,1
1239,1699,1
1670,1243,1
1955,1253,1
1866,1258,1
1928,1213,1
1406,1371,1
1423,1402,1
1411,1431,1
1422,1500,1
1416,1330,1
1725,1402,1
1355,1352,1
1500,1375,1
1355,1431,1
1333,1471,1
1831,1520,1
1864,1520,1
1288,1520,1
1504,1500,1
1606,1504,1
1504,1500,1
1504,1500,1
1504,1184,1
1500,1149,1
1500,1500,1
1500,1500,1
1712,1500,1
1500,1500,1
1500,1500,1
1500,1479,1
1381,1500,1
1702,1500,1
1668,1543,1
1693,1386,1
1687,1624,1
1684,1560,1
1672,1702,1
1680,1600,1
1684,1703,1
1724,1560,1
1519,1740,1
1738,1370,1
1719,1677,1
1718,1436,1
1709,1629,1
1704,1510,1
1695,1643,1
1683,1495,1
1473,1401,1
1481,1293,1
1403,1182,1
1153,1103,1
1147,1108,1
1103,1146,1
1127,1296,1
1111,1198,1
1172,1122,1
1146,995,1
1143,1191,1
1002,1163,1
1148,1165,1
1011,1184,1
1134,1023,1
995,1167,1
1156,997,1
1131,1071,1
1834,1218,1
1742,1218,1
1742,1218,1
1500,1261,1
1500,1317,1
1940,1327,1
1504,1500,1
1590,1388,1
1731,1395,1
1686,1400,1
2010,1419,1
1908,1421,1
1281,930,1
1278,946,1
1270,953,1
1245,1277,1
1240,1012,1
1242,953,1
1234,1087,1
1231,905,1
1218,1111,1
1017,1223,1
1276,1234,1
1190,1261,1
1249,1233,1
1249,1500,1
1138,1266,1
1256,1163,1
1111,1275,1
1667,1250,1
1689,1254,1
2033,1256,1
1444,1242,1
1495,1263,1
1790,1265,1
1709,1291,1
1755,1293,1
1680,1299,1
1473,1311,1
1774,1313,1
1302,1236,1
1809,1314,1
1698,1327,1
1552,1334,1
1297,1532,1
1282,1428,1
1833,1214,1
1185,1590,1
1848,1186,1
1609,1754,1
1584,1957,1
1503,1819,1
1467,1454,1
1429,1384,1
1385,1637,1
1763,1358,1
1306,1546,1
1258,1673,1
1155,1510,1
1132,1227,1
1113,1122,1
1102,930,1
1102,1810,1
1241,1112,1
1636,1116,1
1825,1074,1
1429,1416,1
1426,1411,1
1419,1437,1
1399,1449,1
1441,1366,1
1497,1462,1
1456,1472,1
1462,1441,1
1441,1462,1
1451,1451,1
1465,1472,1
1462,1424,1
1443,1454,1
1471,1454,1
1417,1477,1
1474,1201,1
1510,1483,1
1480,1494,1
1435,1523,1
1514,1547,1
1553,1459,1
1546,1532,1
1477,1560,1
1551,1486,1
1472,1564,1
1567,1108,1
1301,1587,1
1292,1622,1
1616,1404,1
1613,1279,1
1607,1403,1
1600,1421,1
2211,1900,1
2196,2030,1
2290,2205,1
1962,2219,1
2209,2193,1
2202,1915,1
2199,1843,1
2173,2189,1
2167,1933,1
2147,2120,1
2145,1631,1
2129,2088,1
2022,2148,1
2146,1645,1
2148,1947,1
1828,1767,1
1846,1561,1
1814,1569,1
1712,1752,1
1832,1762,1
1921,1815,1
1688,1414,1
1854,1893,1
1885,1798,1
1864,2267,1
1832,1877,1
1859,1741,1
1913,1643,1
1732,1653,1
1645,1525,1
2063,1633,1
1625,1212,1
2054,1636,1
1617,2024,1
1727,1625,1
1170,981,1
1272,986,1
979,1043,1
906,1001,1
1053,1017,1
1261,1045,1
1351,1052,1
1378,1071,1
1140,1117,1
1221,1166,1
1076,1343,1
1023,1197,1
1190,1052,1
1110,1104,1
1218,1266,1
1644,1638,1
1480,1496,1
1480,1310,1
1359,1480,1
1480,1350,1
1357,1480,1
1480,1500,1
1480,1027,1
1480,1499,1
1480,1357,1
1480,1500,1
1082,1480,1
1480,1161,1
1225,1480,1
1480,1465,1
1480,1209,1
1480,1221,1
1480,1282,1
1480,1301,1
1500,1480,1
1480,1233,1
1480,1269,1
1480,944,1
1269,1136,1
1637,1205,1
1137,1324,1
1181,1200,1
1123,1256,1
1290,1179,1
1297,1346,1
1545,1500,1
1500,1409,1
1691,1500,1
1500,1500,1
1542,1500,1
1837,1900,1
1874,1876,1
1872,1895,1
1847,1921,1
1691,1704,1
1432,1704,1
1459,1704,1
1746,1704,1
2001,1740,1
1853,1766,1
1603,1559,1
1371,1576,1
1633,1595,1
1489,1592,1
1591,1581,1
1547,1604,1
1594,1554,1
1578,1787,1
1568,1549,1
1635,1583,1
1576,1437,1
1567,1494,1
1532,1614,1
1533,1532,1
1532,1472,1
1632,1541,1
1628,1560,1
1638,1570,1
1477,1590,1
1598,1539,1
1586,1607,1
1585,1045,1
1671,1594,1
1633,1604,1
1939,1619,1
1838,1610,1
2067,1843,1
1825,2109,1
2099,1829,1
1817,2085,1
1799,2073,1
1771,1875,1
1728,1769,1
1684,1785,1
1782,1484,1
1809,1792,1
1803,1335,1
1663,1826,1
1813,1874,1
1801,1854,1
1480,1815,1
1806,1728,1
1798,1885,1
1858,1814,1
1847,1822,1
1888,1831,1
1997,1852,1
1841,1847,1
1235,1669,1
1924,1674,1
1683,1619,1
1661,1680,1
1565,1673,1
1888,1702,1
1696,1515,1
1554,1713,1
1720,1334,1
1718,1205,1
1514,1108,1
1602,1523,1
1708,1548,1
1732,1733,1
1733,1732,1
1733,1732,1
1732,1654,1
1733,1732,1
1558,1551,1
1532,1546,1
1249,1500,1
1202,1238,1
1227,1254,1
1134,1259,1
1500,1134,1
1220,1205,1
1500,1278,1
1018,1278,1
1620,1278,1
1500,1278,1
1546,1278,1
1406,1278,1
1477,1364,1
1364,1283,1
1400,1259,1
1423,1400,1
1530,1400,1
1619,1400,1
1400,1475,1
1400,1476,1
1741,1400,1
1400,1028,1
1437,1400,1
1631,1400,1
1559,1400,1
1400,1381,1
1318,1400,1
1400,1372,1
1371,1400,1
1400,1332,1
1400,1466,1
1566,1400,1
1400,1396,1
1400,1412,1
1477,1541,1
1552,1314,1
1545,1393,1
1492,1456,1
1484,1378,1
1352,1496,1
1496,1489,1
1475,1465,1
2193,1882,1
2193,1963,1
2193,1965,1
2193,1799,1
2145,2193,1
2193,1864,1
2193,2002,1
2105,2047,1
2029,2040,1
1939,2177,1
2115,1945,1
1500,1906,1
1500,2119,1
1500,1281,1
1667,1634,1
1645,1645,1
1666,1663,1
1641,1643,1
1629,1699,1
2222,2126,1
1081,2126,1
2126,1225,1
1659,2126,1
2126,1845,1
2126,1125,1
2126,2047,1
2126,2202,1
1790,2034,1
1500,1319,1
1642,1055,1
1251,1086,1
1306,1124,1
1236,1285,1
1662,1315,1
1718,1345,1
1615,1500,1
1460,1242,1
1825,1463,1
1448,1461,1
1433,1421,1
1550,1466,1
1452,1378,1
1647,1461,1
1434,1665,1
1412,1477,1
1393,1404,1
1372,1409,1
1298,1398,1
1423,1418,1
1383,1323,1
1433,1553,1
1544,1444,1
1657,1544,1
1491,1537,1
1525,1501,1
1504,1811,1
1493,1439,1
1685,1499,1
1862,1502,1
1496,1316,1
1908,1498,1
1482,1648,1
1566,1494,1
1480,1637,1
1675,1486,1
1474,1460,1
1492,1487,1
1540,1569,1
1576,1587,1
1560,1661,1
1538,1721,1
1354,1557,1
1548,1334,1
1563,1411,1
1421,1347,1
1563,1352,1
1336,1468,1
1525,1343,1
1468,1358,1
1344,1478,1
1615,1332,1
1696,1344,1
1596,1360,1
1525,1367,1
1497,1364,1
1454,1384,1
1479,1400,1
1564,1399,1
1381,1181,1
1651,1385,1
1383,1386,1
1489,1394,1
1429,1404,1
2005,2151,1
2285,2173,1
1500,1370,1
1514,1378,1
1344,1961,1
1253,1620,1
1210,1112,1
1210,1191,1
1201,1180,1
1179,1197,1
1197,1176,1
1163,1214,1
1348,1160,1
1322,1147,1
1192,1153,1
1076,1171,1
1151,1202,1
1301,1143,1
1751,1838,1
1961,1838,1
1848,1838,1
1838,1699,1
1868,1991,1
1835,1760,1
1755,1477,1
1697,1486,1
1603,1384,1
1500,1524,1
1492,1173,1
1356,1186,1
1513,1197,1
1175,1142,1
1673,1175,1
1175,1673,1
1473,1166,1
1137,1190,1
1901,1097,1
1500,1097,1
1633,1104,1
1273,1129,1
1703,1551,1
1677,1703,1
1703,1677,1
1703,1583,1
1682,1703,1
1579,1722,1
1722,1745,1
1722,1767,1
1767,1722,1
1722,1674,1
1727,1621,1
1856,1727,1
1670,1744,1
1897,1744,1
1732,1759,1
1747,1703,1
1738,1623,1
1857,1737,1
1715,1788,1
1798,1729,1
1714,1658,1
2076,1714,1
1651,1737,1
1737,1647,1
1737,1647,1
1868,1737,1
1549,1419,1
1772,1554,1
1664,1568,1
1835,1582,1
1567,1632,1
1538,1660,1
1859,1541,1
1370,1558,1
1748,1571,1
1840,1580,1
1557,1443,1
1666,1556,1
1575,1567,1
1701,1575,1
1570,1321,1
1556,1676,1
1529,1610,1
1623,1538,1
1752,1543,1
1663,1565,1
1644,1574,1
1728,1549,1
1643,1558,1
1822,1562,1
1805,1548,1
1500,1500,1
1500,1784,1
1706,1500,1
939,963,1
1458,939,1
1449,940,1
963,975,1
1046,986,1
1306,1275,1
1259,1319,1
1265,1500,1
1282,1293,1
1271,1096,1
1370,1422,1
1370,1176,1
1366,1402,1
1554,1546,1
2188,2173,1
2104,2215,1
2330,2234,1
2121,2234,1
2218,1953,1
2194,2232,1
2221,2222,1
2230,1666,1
2276,2230,1
2226,1977,1
2218,2133,1
2199,2112,1
1488,1437,1
1470,1499,1
1514,1523,1
1523,1538,1
1209,831,1
1586,1236,1
1179,1610,1
1718,1215,1
1733,1226,1
1483,1275,1
1378,1430,1
1391,1448,1
1180,1358,1
1638,1408,1
1483,1478,1
1447,1581,1
1498,1677,1
1430,1492,1
1500,1508,1
1508,1500,1
1500,1508,1
1508,1403,1
1693,1500,1
1160,1323,1
1930,1500,1
1745,1853,1
1733,1624,1
2108,1736,1
2105,1738,1
2101,1741,1
1852,1748,1
1749,1716,1
1809,1700,1
1711,1713,1
1737,1745,1
1734,1748,1
1712,1770,1
1796,1709,1
1779,1727,1
1888,1744,1
1852,1761,1
1799,1782,1
1820,1792,1
1734,1805,1
1780,1722,1
1914,1780,1
1786,1966,1
1882,1806,1
1792,1898,1
1818,1793,1
1785,2054,1
1215,1511,1
1687,1218,1
1316,1237,1
1228,1292,1
1255,1151,1
1391,1161,1
1142,1066,1
1204,1187,1
1229,1215,1
1150,1223,1
1450,1150,1
1425,1164,1
1255,1108,1
1255,1108,1
1107,1022,1
1581,1513,1
1505,1393,1
1493,1517,1
1497,1494,1
1511,1502,1
1504,1509,1
1502,1500,1
1491,1505,1
1512,1490,1
1465,1493,1
1476,1432,1
1501,1486,1
1491,1493,1
1480,1592,1
1624,1486,1
1476,1469,1
1467,1404,1
1489,1478,1
1467,1468,1
1578,1475,1
1466,1395,1
1532,1475,1
1462,1545,1
1536,1471,1
1457,1550,1
1422,1469,1
1477,1492,1
1500,1407,1
1500,1407,1
1937,1407,1
2141,1414,1
1342,1221,1
1184,1269,1
1329,1215,1
1325,1227,1
1500,1227,1
1567,1238,1
1681,1216,1
1189,1373,1
1162,1319,1
2404,1616,1
1616,1657,1
1302,1351,1
989,1610,1
1538,991,1
958,1274,1
1500,963,1
1172,996,1
1142,1061,1
1424,1061,1
1471,1461,1
1425,1576,1
1392,1332,1
1382,1388,1
1347,1395,1
1395,1367,1
1500,1423,1
1464,1432,1
1363,1447,1
1653,1453,1
1710,1460,1
1701,1470,1
1554,1479,1
1579,1497,1
1482,1537,1
1858,1436,1
1661,1132,1
1551,1142,1
1780,1157,1
1563,1173,1
1805,1176,1
1002,1534,1
1511,1017,1
1264,1064,1
1793,1076,1
1374,1115,1
1539,1136,1
1535,1182,1
856,1541,1
1828,1500,1
1347,1013,1
1334,1183,1
1314,1099,1
1393,1100,1
1065,1073,1
1085,1082,1
1125,1153,1
1152,1159,1
1112,1283,1
1080,1177,1
1152,1206,1
1703,1484,1
1455,1427,1
1433,1306,1
1785,1481,1
1473,1221,1
1610,1599,1
1901,1500,1
1093,1119,1
1169,1133,1
1106,1273,1
1251,1119,1
1228,1133,1
1705,1135,1
1759,1163,1
2023,1168,1
1426,1178,1
1427,1213,1
1278,1204,1
1473,1221,1
1804,1284,1
1231,1516,1
1466,1303,1
1127,1234,1
1242,1162,1
1104,1168,1
1102,1301,1
1311,1205,1
2001,1571,1
1582,1079,1
1582,1079,1
1582,1410,1
1582,1500,1
1582,1500,1
1591,1143,1
1591,1143,1
1591,1143,1
918,996,1
1146,1048,1
1196,1162,1
989,1362,1
1033,1362,1
1681,1874,1
1868,1663,1
1871,1704,1
1858,1920,1
1846,1834,1
1826,1965,1
1818,1368,1
1901,1827,1
1791,1803,1
1792,1788,1
1780,1808,1
2031,1807,1
2182,1809,1
2062,1814,1
1821,1699,1
1791,1929,1
1922,1799,1
1784,1871,1
1633,1106,1
1506,1109,1
1709,1117,1
1084,1370,1
1732,1085,1
2022,1085,1
1651,1087,1
1319,1096,1
1683,1097,1
1080,1047,1
1707,1093,1
1425,1099,1
1778,1126,1
1476,1131,1
1884,1131,1
1494,1137,1
2335,2262,1
2307,2280,1
2269,2347,1
2247,2323,1
2235,2118,1
2202,2234,1
2135,1151,1
2080,2278,1
2070,1821,1
2016,1839,1
1989,1945,1
1943,2091,1
1909,1887,1
1627,1627,1
1970,1666,1
1500,1081,1
2422,2324,1
2415,2331,1
2367,2234,1
2331,2336,1
2203,2346,1
2338,2272,1
1817,1798,1
1592,1500,1
1678,1618,1
1430,2173,1
1257,1042,1
971,1153,1
1214,994,1
1748,996,1
1127,1193,1
1386,1352,1
1559,1500,1
2131,2103,1
2095,1991,1
2088,1974,1
2247,2094,1
1446,1317,1
2621,1449,1
1816,1409,1
1757,1500,1
1757,1500,1
1500,1161,1
1500,2723,1
1500,1442,1
1500,1849,1
1500,1710,1
1500,2047,1
1500,2117,1
1500,1535,1
1500,2080,1
1500,2054,1
1500,1615,1
1500,1679,1
1500,2122,1
1500,1259,1
1500,2003,1
1500,1758,1
1500,1960,1
1500,1869,1
1500,2445,1
1826,1851,1
1900,1810,1
1882,1828,1
1813,1940,1
2035,1818,1
1912,1827,1
1227,1204,1
1253,1236,1
1254,1245,1
1277,1255,1
1256,1286,1
1231,1311,1
1290,1290,1
1345,1310,1
1330,1320,1
1309,1314,1
1298,1369,1
1306,1307,1
1378,1326,1
1365,1345,1
1388,1356,1
1335,1333,1
1325,1262,1
1316,1282,1
1288,1254,1
2013,1773,1
2105,1806,1
1754,2131,1
2135,1980,1
1540,2025,1
1709,1703,1
1707,1542,1
1699,1366,1
1679,1517,1
1645,1411,1
1625,1500,1
1618,1136,1
1618,1500,1
1639,1203,1
1379,1746,1
1697,1606,1
1621,1475,1
1500,1371,1
1657,1033,1
1652,1038,1
1359,1044,1
1257,1051,1
1598,1053,1
1331,1025,1
1470,1029,1
1470,1039,1
1256,937,1
1418,1264,1
1621,1268,1
1330,1272,1
1546,1282,1
1259,1472,1
1467,1267,1
1573,1271,1
1569,1276,1
1340,1293,1
1802,1296,1
1861,1299,1
1268,1316,1
1347,1331,1
1418,1331,1
1325,1500,1
1455,1336,1
1609,1866,1
1760,1866,1
1866,1729,1
1866,1500,1
1866,1510,1
1866,1556,1
1866,1500,1
1866,1438,1
1500,1866,1
1866,1500,1
1866,2236,1
1866,1514,1
2326,1907,1
1925,1457,1
2160,1925,1
1810,1967,1
1967,1567,1
1967,1411,1
1959,1839,1
1929,2046,1
1916,1922,1
1834,1930,1
1846,1947,1
1939,1778,1
1919,1994,1
1422,1040,1
1500,1500,1
1500,1500,1
1500,1500,1
1500,1500,1
1500,2263,1
1500,2263,1
2349,1750,1
1895,1750,1
1570,1750,1
1661,1666,1
1552,1754,1
1575,1527,1
1512,1254,1
1848,1873,1
1873,1851,1
1873,1541,1
1873,1500,1
1873,1525,1
1873,1525,1
1525,1873,1
1518,1410,1
1502,1635,1
1913,1504,1
1491,1525,1
1504,1509,1
1569,1542,1
1651,1550,1
1434,1724,1
1651,1740,1
1580,1590,1
1561,1163,1
1681,1388,1
1636,1364,1
1417,1213,1
1194,1356,1
1315,1205,1
1451,1198,1
1171,1408,1
1455,1177,1
1307,1518,1
1290,1144,1
1556,1264,1
1626,1282,1
1226,1230,1
1250,1244,1
1200,1257,1
1175,1270,1
1262,1184,1
1169,1276,1
1385,1291,1
1366,1308,1
1295,1381,1
1315,1305,1
1294,1334,1
1344,1313,1
1311,1338,1
1327,1322,1
1505,1500,1
1613,1500,1
1819,1128,1
1217,1149,1
1206,1163,1
1242,1176,1
1147,1520,1
1329,1166,1
1445,1172,1
1379,1149,1
1381,1163,1
1540,1169,1
1434,1179,1
1500,1154,1
1558,1154,1
1758,1160,1
1561,1166,1
1939,1167,1
1510,1171,1
1670,1175,1
1573,1179,1
2038,1957,1
1951,1975,1
2000,1962,1
2052,1971,1
1983,1764,1
1971,1965,1
1955,1454,1
1668,1976,1
1963,1942,1
1971,1184,1
1971,1317,1
1972,1643,1
2042,1982,1
1962,1924,1
1588,1996,1
1993,1609,1
2007,2005,1
1754,1500,1
1433,1508,1
1762,1833,1
1750,1775,1
1765,1761,1
1690,1677,1
1705,1661,1
1697,1705,1
1695,1708,1
1682,1721,1
1648,1695,1
1631,1710,1
1679,1834,1
1877,1675,1
1661,1762,1
1753,1670,1
2127,2295,1
2292,1794,1
2291,1576,1
1500,1804,1
1289,1455,1
1458,1363,1
1536,1459,1
1447,1479,1
1502,1463,1
1451,1514,1
1488,1451,1
1451,1477,1
1468,1386,1
1858,1450,1
1447,1273,1
1429,1460,1
1453,1316,1
1429,1377,1
1555,1447,1
1478,1458,1
1437,1418,1
1540,1446,1
1752,1441,1
2076,1450,1
1427,1359,1
1391,1601,1
1460,1153,1
1672,1203,1
1689,1500,1
1349,1306,1
1500,1349,1
1466,1439,1
1429,1282,1
1127,1108,1
1264,1289,1
1574,1569,1
2095,2029,1
2110,2095,1
2262,2104,1
2081,2243,1
2062,2140,1
2203,2061,1
2440,2081,1
2432,2090,1
2351,2097,1
2105,2145,1
2125,2115,1
2220,2157,1
2157,1380,1
2157,1569,1
2157,2000,1
